Feature,Importance
sqft,0.5317485494629169
location_Rural,0.37777894571793447
location_Suburban,0.02837229832215674
bedrooms,0.02690783382386134
location_Urban,0.019884188689778856
bathrooms,0.007980352943992096
age,0.007327831039359609
