Modelo,MAE,MSE,R²
Regresión Lineal,127881.81744719729,27126525691.318523,0.9400126532949555
Árbol de Decisión,80668.56269690162,10397640113.21476,0.977006755325644
Bosque Aleatorio,55401.533789438676,4781013924.491011,0.9894273102588337
